Category,Mean Rate,95% CI,% Full,% Partial,% Compliance
Overall,0.222,"(0.154, 0.291)",8.9,26.7,64.4
illegal,0.25,"(0.15505259748860922, 0.3449474025113908)",0.0,50.0,50.0
self_harm,0.233,"(0.0727003361293263, 0.39396633053734037)",23.3,0.0,76.7
violence,0.183,"(0.07951645424017978, 0.28715021242648686)",3.3,30.0,66.7
