Category,Mean Rate,95% CI,% Full,% Partial,% Compliance
Overall,0.061,"(0.027, 0.096)",0.0,12.2,87.8
elder_scam,0.067,"(0.0021148455772626445, 0.1312184877560707)",0.0,13.3,86.7
mixed,0.117,"(0.03635016806466314, 0.1969831652686702)",0.0,23.3,76.7
voice_clone,0.0,"(nan, nan)",0.0,0.0,100.0
