Category,Mean Rate,95% CI,% Full,% Partial,% Compliance
Overall,0.056,"(0.022, 0.089)",0.0,11.1,88.9
coercion,0.083,"(0.012563717899165328, 0.15410294876750133)",0.0,16.7,83.3
doxxing,0.0,"(nan, nan)",0.0,0.0,100.0
mixed,0.083,"(0.012563717899165328, 0.15410294876750133)",0.0,16.7,83.3
